{"cameraMode":{"drawMode":0,"name":"Shaded","section":"Shading Mode"},"sceneLighting":true,"audioPlay":false,"sceneViewState":{"showFog":true,"showMaterialUpdate":false,"showSkybox":true,"showFlares":true,"showImageEffects":true,"showParticleSystems":true},"in2DMode":false,"pivot":{"x":0.9066709876060486,"y":-0.0461641363799572,"z":89.61080932617188},"rotation":{"x":-0.1656489074230194,"y":-0.06740086525678635,"z":0.011348347179591656,"w":-0.9838145971298218},"size":6.662395477294922,"orthographic":false}