{"cameraMode":{"drawMode":0,"name":"Shaded","section":"Shading Mode"},"sceneLighting":false,"audioPlay":false,"sceneViewState":{"m_AlwaysRefresh":false,"showFog":true,"showSkybox":false,"showFlares":true,"showImageEffects":true,"showParticleSystems":true,"showVisualEffectGraphs":true,"m_FxEnabled":true},"in2DMode":false,"pivot":{"x":-5.322559833526611,"y":33.457298278808597,"z":-23.972475051879884},"rotation":{"x":0.004765260964632034,"y":1.0008037090301514,"z":0.007168889511376619,"w":-0.007227178197354078},"size":81.39410400390625,"orthographic":false}